"ScheduleGId","ReportId","ScheduleACount","ScheduleATotal","ScheduleBCount","ScheduleBTotal","UnItemizedCount","UnItemizedTotal","UnItemizedInKindCount","UnItemizedInKindTotal","AllContributionsCount","AllContributionsTotal","ScheduleCTotal","ScheduleBTotalAgain","UnItemizedInKindTotalAgain","ScheduleDTotal","TotalInKindAndExpenditures","BeginningLoanBalance","LoansReceivedTotal","LoansReceivedAndExistingTotal","LoansPaidTotal","NewLoanBalance","ScheduleId","ReportUID"
"431739","503037","37","23604.21","2","2100.00","2","200.00","0",".00","41","25904.21",".00","2100.00",".00","2806.97","4906.97",".00",".00",".00",".00",".00","","{A9533828-EE75-237A-856A-A82B59AD5FD2}"
"431768","503122","0",".00","0",".00","0",".00","0",".00","0",".00",".00",".00",".00",".00",".00",".00",".00",".00",".00",".00","","{59FCC089-9FB4-1840-1C78-C55E6AB0B851}"
"431769","503123","0",".00","0",".00","0",".00","0",".00","0",".00",".00",".00",".00",".00",".00",".00",".00",".00",".00",".00","","{07D16610-DF09-A79E-9D9B-01DF4E375A7B}"
"431770","503124","0",".00","0",".00","0",".00","0",".00","0",".00",".00",".00",".00",".00",".00",".00",".00",".00",".00",".00","","{BC82CD5D-4506-D682-CA9E-59F4787162E2}"
"431771","503125","0",".00","0",".00","0",".00","0",".00","0",".00",".00",".00",".00",".00",".00",".00",".00",".00",".00",".00","","{F2803DC0-91E7-ECEF-4DE9-A7FF9C3D4F80}"
"431772","503126","0",".00","0",".00","0",".00","0",".00","0",".00",".00",".00",".00",".00",".00",".00",".00",".00",".00",".00","","{223C2714-2884-1540-DF39-B8095B3C09D3}"
"431773","503127","0",".00","0",".00","0",".00","0",".00","0",".00",".00",".00",".00",".00",".00",".00",".00",".00",".00",".00","","{844A3A11-8719-DA59-22EB-7874577EAB6F}"
"431774","503128","0",".00","0",".00","0",".00","0",".00","0",".00",".00",".00",".00",".00",".00",".00",".00",".00",".00",".00","","{1C53B5DA-22C5-ADC4-5EAD-A326A0C64EAB}"
"431775","503129","0",".00","0",".00","0",".00","0",".00","0",".00",".00",".00",".00",".00",".00",".00",".00",".00",".00",".00","","{B3ACA8A9-25EC-5B03-FA43-C49E90AEB9F3}"
"431776","503130","0",".00","0",".00","0",".00","0",".00","0",".00",".00",".00",".00",".00",".00",".00",".00",".00",".00",".00","","{4CBCDCF2-1DD0-F0DF-057C-1C4BC1B79292}"
"431777","503131","0",".00","0",".00","0",".00","0",".00","0",".00",".00",".00",".00","897.21","897.21",".00",".00",".00",".00",".00","","{AC195EC2-08FF-7537-CF77-350131A81D46}"
"431779","503133","2","700.00","0",".00","4","300.00","0",".00","6","1000.00",".00",".00",".00","2621.39","2621.39",".00",".00",".00",".00",".00","","{D849E157-6D75-F70D-4FBC-73371850014D}"
"431781","503139","1","225.00","0",".00","6","110.70","0",".00","7","335.70",".00",".00",".00",".00",".00",".00",".00",".00",".00",".00","","{6BDBCEC8-2FE6-F6A9-FA33-2BA6D5759E89}"
"431782","503140","1","225.00","0",".00","14","222.70","0",".00","15","447.70",".00",".00",".00",".00",".00",".00",".00",".00",".00",".00","","{FFB36B7A-E9FF-2DED-F319-6E944C9EB5F1}"
"431783","503141","1","225.00","0",".00","8","118.70","0",".00","9","343.70",".00",".00",".00",".00",".00",".00",".00",".00",".00",".00","","{1F035305-4B1C-0789-93AE-1FBDABF8A8C3}"
"431784","503142","1","225.00","0",".00","8","107.70","0",".00","9","332.70",".00",".00",".00","600.00","600.00",".00",".00",".00",".00",".00","","{F85467A7-782F-F5E2-7990-5FD5BD055887}"
"431785","503143","1","225.00","0",".00","5","62.70","0",".00","6","287.70",".00",".00",".00",".00",".00",".00",".00",".00",".00",".00","","{24E19720-A878-B6A6-AFB5-14FA0F0C750D}"
"431786","503144","1","225.00","0",".00","4","47.70","0",".00","5","272.70",".00",".00",".00","4074.76","4074.76",".00",".00",".00",".00",".00","","{1E9555FD-532E-2ED8-A972-3351E1188EE8}"
"431787","503145","0",".00","0",".00","0",".00","0",".00","0",".00",".00",".00",".00",".00",".00",".00",".00",".00",".00",".00","","{15D7B9EC-936D-B1DA-CECA-50BEEF83346E}"
"431788","503146","1","225.00","0",".00","4","47.70","0",".00","5","272.70",".00",".00",".00",".00",".00",".00",".00",".00",".00",".00","","{BCC401BF-A262-600E-3E43-8D78B8F37289}"
"431790","503148","1","240.00","0",".00","4","50.88","0",".00","5","290.88",".00",".00",".00",".00",".00",".00",".00",".00",".00",".00","","{73683B0F-099A-ADFB-396B-F7E2B26AF4C0}"
"431791","503149","2","450.00","0",".00","10","213.88","0",".00","12","663.88",".00",".00",".00",".00",".00",".00",".00",".00",".00",".00","","{06338BDF-5B01-03CA-ECB6-EBE0CE2D204F}"
"431792","503150","2","30.00","0",".00","2","30.00","0",".00","4","60.00",".00",".00",".00","93.24","93.24",".00",".00",".00",".00",".00","","{363EA6ED-D0C7-357B-1A94-3514AC570446}"
"431793","503151","0",".00","0",".00","0",".00","0",".00","0",".00",".00",".00",".00","900.00","900.00",".00",".00",".00",".00",".00","","{91DDD814-B61B-478E-0BEA-ED85F89777A2}"
"431794","503152","0",".00","0",".00","1","10.00","0",".00","1","10.00",".00",".00",".00",".00",".00",".00",".00",".00",".00",".00","","{05D88D66-FB26-C89E-1E77-2B5E75FB6C9E}"
"431796","503154","1","17.28","0",".00","10","42.61","0",".00","11","59.89",".00",".00",".00",".00",".00",".00",".00",".00",".00",".00","","{AADBB5C9-3D01-985A-8CE5-CC19A72EB52C}"
"431797","503155","1","72.00","0",".00","5","58.68","0",".00","6","130.68",".00",".00",".00","1644.26","1644.26",".00",".00",".00",".00",".00","","{AB321C16-46EC-9C40-9593-C3BF17B7B853}"
"431800","503166","4","941.25","0",".00","6","492.50","0",".00","10","1433.75",".00",".00",".00",".00",".00",".00",".00",".00",".00",".00","","{F1E4F91D-60CF-8408-34CB-116F9D3D281B}"
"431801","503169","0",".00","0",".00","0",".00","0",".00","0",".00",".00",".00",".00",".00",".00","1000.00",".00","1000.00",".00","1000.00","","{E832E4C1-CEA1-C66C-5F04-B639A4C53559}"
"431803","503171","0",".00","0",".00","5","42.44","0",".00","5","42.44",".00",".00",".00",".00",".00",".00",".00",".00",".00",".00","","{DC91CF51-344E-DF57-E1EE-8C780D4DC6E4}"
"431804","503172","0",".00","0",".00","0",".00","0",".00","0",".00",".00",".00",".00","25.00","25.00",".00",".00",".00",".00",".00","","{07C44E16-F089-AE4E-8303-0D2F717849DB}"
"431806","503174","0",".00","0",".00","16","188.10","0",".00","16","188.10",".00",".00",".00",".00",".00",".00",".00",".00",".00",".00","","{6D824B74-B8F9-B9CE-6CC5-066B591C90DF}"
"431807","503175","0",".00","0",".00","0",".00","0",".00","0",".00",".00",".00",".00",".00",".00",".00",".00",".00",".00",".00","","{292220AC-74FD-C7C2-FCB3-C24A91EE936B}"
"431809","503177","0",".00","0",".00","12","240.50","0",".00","12","240.50",".00",".00",".00","25.00","25.00",".00",".00",".00",".00",".00","","{3C195634-381C-7310-CD10-D1272C94C352}"
"431810","503178","2","124.56","0",".00","12","118.11","0",".00","14","242.67",".00",".00",".00",".00",".00",".00",".00",".00",".00",".00","","{78C99C53-427A-4B41-5344-A5F056A45500}"
"431812","503180","38","12773.00","0",".00","306","11930.00","0",".00","344","24703.00",".00",".00",".00","10632.23","10632.23",".00",".00",".00",".00",".00","","{D81B1F8D-7488-04C6-F33D-86106580CE57}"
"431815","503183","5","1850.00","0",".00","17","1186.00","0",".00","22","3036.00",".00",".00",".00","694.05","694.05",".00",".00",".00",".00",".00","","{2D5ADB05-F5F5-9D84-CB42-8CFA5174D160}"
"431816","503184","10","4256.66","0",".00","12","785.00","0",".00","22","5041.66",".00",".00",".00","2270.33","2270.33",".00",".00",".00",".00",".00","","{A41D1648-F9EF-A3E4-AFBE-493B39AD1942}"
"431817","503185","4","950.00","0",".00","6","500.00","0",".00","10","1450.00",".00",".00",".00","16.25","16.25",".00",".00",".00",".00",".00","","{F1E4F91D-60CF-8408-34CB-116F9D3D281B}"
"431821","503190","0",".00","0",".00","0",".00","0",".00","0",".00",".00",".00",".00",".00",".00",".00",".00",".00",".00",".00","","{A8176968-9855-737F-E4E6-E3567C732A65}"
"431845","503217","0",".00","1","1415.92","1","50.00","0",".00","2","1465.92",".00","1415.92",".00",".00","1415.92",".00",".00",".00",".00",".00","","{081CBBFD-4163-7823-4400-EF29BDEDAA9F}"
"431847","503219","0",".00","0",".00","1","75.00","0",".00","1","75.00",".00",".00",".00",".00",".00",".00",".00",".00",".00",".00","","{8937773A-EF86-285D-A922-C27E3A6C62B6}"
"431848","503220","0",".00","0",".00","0",".00","0",".00","0",".00",".00",".00",".00",".00",".00",".00",".00",".00",".00",".00","","{D2F2A287-3D34-0B9C-9D53-155068064F13}"
"431849","503221","0",".00","0",".00","0",".00","0",".00","0",".00",".00",".00",".00",".00",".00",".00",".00",".00",".00",".00","","{6CFE1B3C-DACF-1CFA-5E35-9B139E81239C}"
"431850","503222","0",".00","0",".00","0",".00","0",".00","0",".00",".00",".00",".00",".00",".00",".00",".00",".00",".00",".00","","{35BAF2B0-D50E-EAAF-6705-098E0A631ECE}"
"431851","503223","0",".00","0",".00","0",".00","0",".00","0",".00",".00",".00",".00",".00",".00",".00",".00",".00",".00",".00","","{7C113F9B-26DE-9DB3-50C7-C91FA262FDDD}"
"431852","503224","0",".00","0",".00","0",".00","0",".00","0",".00",".00",".00",".00",".00",".00",".00",".00",".00",".00",".00","","{2271DEAB-46E4-9690-9C73-C6EE84C5D1C3}"
"431853","503225","0",".00","0",".00","0",".00","0",".00","0",".00",".00",".00",".00",".00",".00",".00",".00",".00",".00",".00","","{065CF75C-8C6B-806B-407C-EFA6C8DA9822}"
"431854","503226","0",".00","0",".00","0",".00","0",".00","0",".00",".00",".00",".00",".00",".00",".00",".00",".00",".00",".00","","{754008A1-F414-F1F3-5F9B-D2AAA201DD59}"
"431856","503228","0",".00","0",".00","0",".00","0",".00","0",".00",".00",".00",".00",".00",".00",".00",".00",".00",".00",".00","","{6AB3DEEE-3D84-9C42-BD5C-54ED81054C5E}"
"431857","503229","0",".00","0",".00","0",".00","0",".00","0",".00",".00",".00",".00",".00",".00",".00",".00",".00",".00",".00","","{B9693FD6-A2D8-3771-F165-17BF180C4298}"
"431858","503230","0",".00","0",".00","0",".00","0",".00","0",".00",".00",".00",".00",".00",".00",".00",".00",".00",".00",".00","","{6B14CD1E-0E1F-7DCA-7EC5-D6F120B04DF7}"
"431859","503231","0",".00","0",".00","0",".00","0",".00","0",".00",".00",".00",".00",".00",".00",".00",".00",".00",".00",".00","","{8679A1C7-7DBE-9F8F-B915-331BD5308891}"
"431860","503232","0",".00","0",".00","0",".00","0",".00","0",".00",".00",".00",".00",".00",".00",".00",".00",".00",".00",".00","","{9563EF67-9EF8-EDCF-CE7A-29214AEF69B8}"
"431863","503235","2","610.00","0",".00","2","200.00","0",".00","4","810.00",".00",".00",".00","1837.36","1837.36",".00",".00",".00",".00",".00","","{A3C95663-2FBE-9C2F-3FCA-8E6266531BB6}"
"431864","503239","9","3850.00","0",".00","3","240.00","0",".00","12","4090.00",".00",".00",".00","1237.78","1237.78",".00",".00",".00",".00",".00","","{296F7030-5644-4C69-E2DE-290473BEB186}"
"431866","503241","2","1202.00","0",".00","2","200.00","0",".00","4","1402.00",".00",".00",".00","6476.07","6476.07",".00",".00",".00",".00",".00","","{ECB39F99-D8C4-69DF-A3D5-3883DC3759AB}"
"431867","503242","0",".00","0",".00","0",".00","0",".00","0",".00",".00",".00",".00",".00",".00",".00",".00",".00",".00",".00","","{26D456E0-F0AD-5F0D-1C64-3CB761574644}"
"431868","503243","0",".00","0",".00","0",".00","0",".00","0",".00",".00",".00",".00",".00",".00",".00",".00",".00",".00",".00","","{493A9C5B-23E4-74E7-A1D3-FC19FE0D1F46}"
"431869","503244","2","350.00","0",".00","0",".00","0",".00","2","350.00",".00",".00",".00",".00",".00",".00",".00",".00",".00",".00","","{44B4F70E-7447-FF52-9CCC-BB8010AC46C5}"
"431870","503245","1","1000.00","0",".00","0",".00","0",".00","1","1000.00",".00",".00",".00","1019.20","1019.20",".00",".00",".00",".00",".00","","{D2F28872-645D-A712-E43B-6AF5E1592D58}"
"431871","503246","8","6700.00","0",".00","2","200.00","0",".00","10","6900.00",".00",".00",".00","1611.38","1611.38",".00",".00",".00",".00",".00","","{BE5CB9B0-16CF-D068-EAA9-7D46395E45F8}"
"431872","503247","5","1000.00","0",".00","11","1092.00","0",".00","16","2092.00",".00",".00",".00","5858.29","5858.29",".00",".00",".00",".00",".00","","{C0BFEBCC-6E25-E383-9FC0-81368F57983D}"
"431873","503248","1","750.00","0",".00","0",".00","0",".00","1","750.00",".00",".00",".00","821.68","821.68",".00",".00",".00",".00",".00","","{4F9ADE5D-5F81-97EF-677A-DF736DF468DB}"
"431874","503249","1","500.00","0",".00","0",".00","0",".00","1","500.00",".00",".00",".00","1806.23","1806.23",".00",".00",".00",".00",".00","","{4335CD5E-81B4-D48F-1365-80BF43E2F3DC}"
"431875","503250","0",".00","0",".00","0",".00","0",".00","0",".00",".00",".00",".00",".00",".00",".00",".00",".00",".00",".00","","{58887EA6-931E-F183-FFF5-AB968B8ED7E5}"
"431876","503251","0",".00","0",".00","0",".00","0",".00","0",".00",".00",".00",".00",".00",".00",".00",".00",".00",".00",".00","","{CBCEE47E-1E92-7899-C7DA-A92C5F0A0B7F}"
"431877","503252","0",".00","0",".00","0",".00","0",".00","0",".00",".00",".00",".00",".00",".00",".00",".00",".00",".00",".00","","{D09245ED-7A42-5165-4485-79B1D2FF9F4D}"
"431878","503253","0",".00","0",".00","0",".00","0",".00","0",".00",".00",".00",".00",".00",".00",".00",".00",".00",".00",".00","","{5F55AE4E-3499-A05C-EE1B-FA66DB3BCEE8}"
"431879","503254","0",".00","0",".00","0",".00","0",".00","0",".00",".00",".00",".00",".00",".00",".00",".00",".00",".00",".00","","{A60D766B-34BC-C732-EDDB-8F7FC24591EA}"
"431880","503255","0",".00","0",".00","0",".00","0",".00","0",".00",".00",".00",".00",".00",".00",".00",".00",".00",".00",".00","","{0F76D0B1-FF42-472E-B816-6CA21AF8BF47}"
"431881","503256","0",".00","0",".00","0",".00","0",".00","0",".00",".00",".00",".00",".00",".00",".00",".00",".00",".00",".00","","{91CAC724-0D92-D575-029A-0A89D7A5E8BE}"
"431882","503257","0",".00","0",".00","0",".00","0",".00","0",".00",".00",".00",".00",".00",".00",".00",".00",".00",".00",".00","","{8D0FC22A-201E-30E9-5BC0-070C51B86186}"
"431883","503258","0",".00","0",".00","0",".00","0",".00","0",".00",".00",".00",".00",".00",".00",".00",".00",".00",".00",".00","","{3C279801-1504-231B-9A60-A23EA71BA6FD}"
"431884","503259","29","13650.00","12","10677.71","70","3633.00","0",".00","111","27960.71",".00","10677.71",".00","2706.97","13384.68",".00","1985.00","1985.00",".00","1985.00","","{A9533828-EE75-237A-856A-A82B59AD5FD2}"
"431885","503260","19","4265.00","1","650.00","27","1295.00","0",".00","47","6210.00",".00","650.00",".00","14816.90","15466.90","1985.00","10000.00","11985.00",".00","11985.00","","{999BCCF6-A727-C3A7-A379-EE47208D9713}"
"431886","503261","2","350.00","2","1200.00","4","250.00","0",".00","8","1800.00",".00","1200.00",".00","10276.66","11476.66","11985.00",".00","11985.00",".00","11985.00","","{990B4646-F945-F800-F8C5-226330C49A04}"
"431887","503262","1","100.00","1","650.00","4","350.00","0",".00","6","1100.00",".00","650.00",".00","4039.64","4689.64","11985.00",".00","11985.00","1945.00","10040.00","","{FC470B73-A3E2-DD3D-A092-33FF1BB0AE79}"
"431890","503265","0",".00","0",".00","0",".00","0",".00","0",".00",".00",".00",".00","4010.00","4010.00","10040.00","4000.00","14040.00",".00","14040.00","","{9FE53C88-C0B8-824C-EF65-6C7FDEAAA434}"
"431891","503266","19","4265.00","1","650.00","27","1295.00","0",".00","47","6210.00",".00","650.00",".00","14944.10","15594.10","1985.00","10000.00","11985.00",".00","11985.00","","{999BCCF6-A727-C3A7-A379-EE47208D9713}"
"431892","503267","0",".00","0",".00","0",".00","0",".00","0",".00",".00",".00",".00",".00",".00","14040.00",".00","14040.00",".00","14040.00","","{5CF57F5D-3856-194B-B88E-1FDE1CE77A88}"
"431894","503269","1","500.00","0",".00","3","109.60","0",".00","4","609.60",".00",".00",".00","56.59","56.59",".00",".00",".00",".00",".00","","{FB37CD5F-FA03-CC92-CECB-46A4A94C1957}"
"431895","503270","2","129.20","0",".00","4","291.00","0",".00","6","420.20",".00",".00",".00","202.17","202.17",".00","60.00","60.00","60.00",".00","","{71B636F7-63F7-0680-1404-31F0E493DF16}"
"431896","503271","0",".00","0",".00","3","15.00","0",".00","3","15.00",".00",".00",".00",".60",".60",".00",".00",".00",".00",".00","","{E75DF56F-16B3-150C-BBF4-CF232D0E1E22}"
"431897","503272","0",".00","0",".00","3","15.00","0",".00","3","15.00",".00",".00",".00","431.41","431.41",".00",".00",".00",".00",".00","","{B0ABF94E-E028-2CF5-7E83-45079D279823}"
"431898","503273","0",".00","0",".00","3","15.00","0",".00","3","15.00",".00",".00",".00",".60",".60",".00",".00",".00",".00",".00","","{82C963A5-D1E0-545E-D112-F3ADC1F9729C}"
"431899","503275","0",".00","0",".00","0",".00","0",".00","0",".00",".00",".00",".00",".00",".00",".00",".00",".00",".00",".00","","{5AC27E7C-283F-FA01-956E-04B5A13FF3A1}"
"431905","503281","0",".00","0",".00","0",".00","0",".00","0",".00",".00",".00",".00",".00",".00",".00",".00",".00",".00",".00","","{BD88DC89-04AC-D9EA-09D5-5692B0E06812}"
"431911","503287","0",".00","0",".00","0",".00","0",".00","0",".00",".00",".00",".00",".00",".00",".00",".00",".00",".00",".00","","{BD88DC89-04AC-D9EA-09D5-5692B0E06812}"
"431921","503300","7","1250.00","0",".00","27","1395.00","1","50.00","35","2695.00",".00",".00","50.00","2282.56","2332.56",".00",".00",".00",".00",".00","","{92A9487D-6FA3-56EA-B079-B3BCEE87EE77}"
